{
	"walkInitialVelocity": 0.10000000149011612,
	"walkAcceleration": 0.10000000149011612,
	"walkMaxVelocity": 1.100000023841858,
	"slowWalkMax": 0.18000000715255737,
	"midWalkPoint": 0.4399999976158142,
	"fastWalkMin": 0.699999988079071,
	"friction": 0.05999999865889549,
	"dashInitialVelocity": 1.5,
	"stopTurnInitialSpeedA": 0.05999999865889549,
	"stopTurnInitialSpeedB": 0.019999999552965164,
	"maxRunSpeed": 1.5,
	"runAnimationScaling": 1.4500000476837158,
	"maxRunbrakeFrames": 30.0,
	"groundedMaxHVelocity": 3.0,
	"jumpSquatFrames": 4.0,
	"jumpInitialHVelocity": 1.0,
	"jumpInitialVVelocity": 2.299999952316284,
	"groundJumpMomentumMultiplier": 0.800000011920929,
	"shortHopMaxHVelocity": 1.5,
	"shortHopInitialVVelocity": 1.399999976158142,
	"airJumpHMultiplier": 1.0,
	"airJumpVMultiplier": 0.8999999761581421,
	"numberOfJumps": 2,
	"gravity": 0.0949999988079071,
	"terminalVelocity": 1.7000000476837158,
	"airMobilityA": 0.02500000037252903,
	"airMobilityB": 0.019999999552965164,
	"maxAerialHVelocity": 0.8600000143051147,
	"airFriction": 0.01600000075995922,
	"fastFallTerminalVelocity": 2.299999952316284,
	"tiltTurnForcedVelocity": 3.0,
	"jab2Window": 24.0,
	"jab3Window": 24.0,
	"turnDuration": 4.0,
	"weight": 100.0,
	"modelScaling": 1.100000023841858,
	"shieldSize": 10.75,
	"shieldBreakInitialVelocity": 2.5,
	"rapidJabWindow": 0,
	"clankSpeedMultiplier": 16.0,
	"hitByItemFlag": 0.0,
	"unknown0xA4": 1,
	"ledgejumpHVelocity": 1.0,
	"ledgejumpVVelocity": 2.299999952316284,
	"itemThrowVelocityMultiplier": 1.0,
	"itemThrowDamageMultiplier": 1.0,
	"runSideSpecialMomentum": 0.20000000298023224,
	"eggSize": 2.0,
	"eggHurtbox": 0.0,
	"eggHurtboxX": 6.0,
	"eggHurtboxY": 0.0,
	"eggHurtboxZ": 0.0,
	"unknown0xD0": 9.0,
	"unknown0xD4": 0.0,
	"eggHurtboxRadius": 6.0,
	"kirbyNeutralSpecialStarSwallowDamage": 2.200000047683716,
	"kirbyStarDamage": 17.0,
	"normalLandingLag": 4.0,
	"nairLandingLag": 16.0,
	"fairLandingLag": 21.0,
	"bairLandingLag": 15.0,
	"uairLandingLag": 15.0,
	"dairLandingLag": 23.0,
	"victoryScreenModelScaling": 20.0,
	"wallTechX": 0.5,
	"wallJumpHVelocity": 1.2999999523162842,
	"wallJumpVVelocity": 2.299999952316284,
	"ceilingTechXDirection": 1.0,
	"unknown0x110": 0.800000011920929,
	"leftBunnyHoodX": 0.4000000059604645,
	"leftBunnyHoodY": 1.399999976158142,
	"leftBunnyHoodZ": 0.0,
	"rightBunnyHoodX": -0.4000000059604645,
	"rightBunnyHoodY": 1.399999976158142,
	"rightBunnyHoodZ": 0.0,
	"bunnyHoodSize": 1.0,
	"flowerX": 0.0,
	"flowerY": 1.5,
	"flowerZ": 0.0,
	"flowerSize": 1.0,
	"screwAttackUpwardKnockback": 3.3499999046325684,
	"screwAttackEffectSize": 1.0,
	"unknown0x148": 0.5,
	"bubbleRatio": 8.199999809265137,
	"freezeOffset1": -1.7000000476837158,
	"freezeOffset2": -2.5,
	"freezeEscapeHeight": 2.299999952316284,
	"freezeEscapeXMomentum": 1.0,
	"iceTractionfrozenSize": 1.0,
	"warpStarHitboxScaling": 1.0,
	"unknown0x168": 1.0,
	"cameraTargetZoomBone": 5,
	"magnifiedXSway": 0.0,
	"magnifiedYSway": 2.0,
	"magnifiedZSway": 0.0,
	"footstoolYOffset": 0.0,
	"weightDependentThrowFlags": 0
}
